company_id,year,sales,operating_profit,net_profit,other_income,interest,ebit
1,2016,2965.58,592.66,512.89,66.07,8.86,603.94
1,2017,3457.0,718.35,592.0,45.7,30.01,739.64
1,2018,3689.93,471.08,352.39,76.8,43.33,482.96
1,2019,2916.98,688.69,536.44,41.55,30.6,714.75
1,2020,3001.38,632.23,558.09,69.63,7.5,677.05
1,2021,3462.44,878.49,616.75,32.88,9.59,883.64
1,2022,3435.86,838.13,747.25,77.39,26.37,847.92
1,2023,3346.51,897.98,675.55,23.9,19.95,910.25
1,2024,3649.48,1038.23,909.02,61.9,25.45,1048.26
1,2025,3104.37,922.2,776.52,27.75,13.56,952.73
2,2016,1059.92,209.01,129.75,77.26,38.76,219.79
2,2017,1193.76,250.64,170.31,87.88,22.31,265.17
2,2018,1215.75,299.06,197.48,34.61,49.77,333.3
2,2019,1180.99,240.35,152.94,26.35,18.23,271.82
2,2020,1109.54,159.82,99.3,64.95,12.99,205.56
2,2021,1325.78,151.37,101.63,68.55,12.28,162.32
2,2022,1351.85,289.58,214.81,79.54,40.76,303.15
2,2023,1063.8,198.09,144.03,49.37,37.0,233.39
2,2024,1368.56,163.79,118.06,37.23,43.36,179.98
2,2025,1095.84,207.91,151.06,31.46,13.99,254.46
3,2016,4718.14,1279.53,805.3,66.95,27.95,1285.19
3,2017,3832.55,960.87,644.66,43.61,25.11,1004.78
3,2018,4835.13,642.72,386.05,42.09,46.47,683.05
3,2019,4070.42,974.13,797.96,79.42,33.77,1001.03
3,2020,3952.28,567.31,350.34,74.9,4.93,586.42
3,2021,3779.13,738.28,646.6,55.46,4.73,766.13
3,2022,4771.81,542.58,336.61,86.87,21.38,589.95
3,2023,4422.83,954.38,584.01,12.79,33.55,984.82
3,2024,4108.98,625.19,500.73,34.85,14.75,636.08
3,2025,4516.78,864.71,759.83,93.89,2.45,897.66
4,2016,1216.09,173.45,117.87,93.66,44.28,218.02
4,2017,1333.32,175.4,149.11,71.84,31.36,224.83
4,2018,1445.88,146.85,124.11,33.44,33.84,194.1
4,2019,1240.24,152.66,96.5,57.56,15.07,184.88
4,2020,1471.06,207.01,163.59,30.08,25.45,252.75
4,2021,1521.9,180.28,131.08,31.28,2.17,219.98
4,2022,1439.21,219.32,180.36,57.41,22.53,224.76
4,2023,1216.87,336.61,293.25,56.83,42.06,367.82
4,2024,1245.7,156.32,108.25,90.4,40.21,200.05
4,2025,1542.8,219.1,147.86,14.77,39.45,263.89
5,2016,4564.75,1140.71,1001.23,27.49,9.8,1181.7
5,2017,3649.48,665.88,435.36,92.83,39.55,689.41
5,2018,4215.62,1041.31,702.31,20.12,35.66,1063.52
5,2019,3490.58,677.65,447.16,92.25,18.78,719.57
5,2020,4446.99,642.97,513.1,42.85,15.37,651.09
5,2021,4334.42,737.84,555.46,69.55,42.5,757.74
5,2022,3477.8,957.81,649.74,60.16,49.21,964.53
5,2023,4131.38,698.77,584.12,46.46,49.24,708.97
5,2024,4479.36,618.22,379.16,46.43,26.96,659.51
5,2025,4235.09,1219.93,1001.7,23.72,22.7,1267.63
6,2016,3482.58,810.32,516.49,90.5,26.34,845.33
6,2017,3197.13,765.53,586.64,23.22,33.92,787.59
6,2018,3602.71,485.67,374.32,43.58,42.02,504.34
6,2019,3085.63,793.48,620.5,35.61,23.21,828.88
6,2020,3374.94,873.26,775.41,74.92,33.62,891.03
6,2021,3521.7,788.34,495.09,95.44,13.27,807.31
6,2022,3658.87,473.72,290.8,98.47,31.34,513.3
6,2023,3321.35,920.77,711.48,73.24,20.43,943.75
6,2024,3025.45,718.62,623.62,86.74,44.5,758.65
6,2025,3093.95,806.97,652.66,49.13,28.76,853.26
7,2016,1549.19,403.23,322.69,98.85,30.58,450.98
7,2017,1744.14,388.12,316.62,52.95,41.87,417.77
7,2018,1746.73,434.47,322.55,29.62,13.87,468.16
7,2019,1687.84,344.76,271.68,31.09,5.72,362.62
7,2020,1466.38,240.4,183.2,18.15,13.1,276.63
7,2021,1661.22,187.46,135.4,56.55,21.96,201.77
7,2022,1532.91,430.7,333.89,71.07,43.12,470.15
7,2023,1515.09,153.3,108.16,76.58,42.97,201.2
7,2024,1532.41,382.34,292.05,62.31,12.59,397.21
7,2025,1539.94,162.93,114.19,69.52,21.41,175.36
8,2016,5089.13,1507.12,1145.77,91.16,30.41,1541.95
8,2017,4004.2,743.67,639.6,22.26,14.49,763.4
8,2018,4485.58,751.34,649.08,31.43,47.66,775.31
8,2019,4979.25,966.28,796.9,9.95,47.69,981.37
8,2020,3984.29,1161.25,710.77,7.95,13.87,1204.02
8,2021,4701.94,694.52,515.38,15.87,47.49,720.45
8,2022,4227.91,734.72,574.38,96.55,36.48,774.72
8,2023,4107.83,666.32,515.47,93.24,29.64,712.18
8,2024,4382.5,1263.45,833.24,61.25,41.87,1279.38
8,2025,4800.44,769.59,619.73,81.53,40.22,800.06
9,2016,839.48,155.87,110.85,53.07,18.38,199.1
9,2017,958.64,116.1,103.12,65.38,41.78,152.93
9,2018,861.62,212.61,189.15,30.66,40.79,241.83
9,2019,873.66,163.47,133.93,30.5,42.88,205.85
9,2020,774.14,213.92,144.0,49.15,31.3,235.97
9,2021,759.6,205.24,134.34,25.15,40.3,225.56
9,2022,973.18,233.79,159.65,5.96,47.51,242.64
9,2023,932.99,184.47,152.64,70.61,33.0,211.56
9,2024,951.27,112.83,75.2,70.72,16.7,144.0
9,2025,871.09,179.61,130.69,75.86,17.88,216.24
10,2016,2697.21,394.08,321.72,34.98,37.66,441.87
10,2017,3010.07,416.32,342.04,31.27,30.3,455.53
10,2018,2933.9,868.73,738.24,33.14,19.32,887.33
10,2019,3024.63,379.04,232.6,10.18,16.02,426.52
10,2020,2967.41,743.51,468.99,6.17,15.65,770.05
10,2021,2725.01,798.7,539.72,86.86,7.48,806.64
10,2022,2848.22,613.52,494.46,19.41,40.93,661.23
10,2023,2516.58,376.58,289.0,44.54,30.61,409.41
10,2024,3079.83,542.28,473.17,33.25,30.25,566.58
10,2025,2910.93,326.16,289.64,14.43,38.61,359.31
11,2016,2928.71,384.87,250.99,12.13,2.13,410.14
11,2017,2875.41,455.04,304.62,72.16,35.74,480.47
11,2018,2950.28,840.19,702.69,64.38,33.74,887.21
11,2019,2740.45,572.51,454.74,91.3,41.68,580.72
11,2020,2533.05,409.14,337.41,59.07,15.85,419.74
11,2021,2951.31,708.16,625.17,52.54,25.7,716.78
11,2022,2432.19,453.37,315.86,28.78,6.38,501.66
11,2023,3069.15,659.99,584.25,99.96,34.27,677.12
11,2024,2432.49,611.17,452.97,66.89,45.97,624.34
11,2025,2868.62,651.05,486.67,13.67,18.7,671.05
12,2016,1569.33,260.45,210.47,32.38,47.37,302.06
12,2017,1444.18,275.79,191.5,35.71,48.57,298.98
12,2018,1429.74,425.52,339.27,56.55,21.84,438.96
12,2019,1367.57,343.65,270.67,77.2,11.77,373.36
12,2020,1597.78,299.78,242.66,16.54,48.71,332.18
12,2021,1317.75,173.52,132.79,57.46,6.47,223.17
12,2022,1591.78,306.08,194.43,84.05,25.92,343.33
12,2023,1427.41,220.8,187.77,98.12,13.7,250.61
12,2024,1376.44,391.42,294.53,88.54,43.47,408.85
12,2025,1541.77,282.13,248.35,53.24,41.39,299.86
13,2016,3390.41,732.28,584.35,87.2,23.43,759.08
13,2017,2944.21,743.63,530.33,93.62,43.74,792.76
13,2018,2861.48,505.32,432.96,44.02,17.27,531.6
13,2019,3457.52,609.37,546.31,80.28,33.3,621.21
13,2020,3502.92,438.74,390.31,36.54,6.82,481.77
13,2021,2738.6,772.53,467.07,18.69,43.8,821.18
13,2022,2716.61,696.28,473.13,64.21,21.08,704.89
13,2023,2940.79,690.71,525.0,95.64,32.09,735.64
13,2024,3081.6,641.6,503.81,27.3,34.85,659.53
13,2025,2851.48,336.69,300.83,77.24,35.79,346.21
14,2016,2063.47,579.18,355.5,80.63,16.08,601.05
14,2017,1757.12,362.38,278.95,80.29,10.16,370.93
14,2018,2162.25,484.22,325.52,91.72,8.87,509.97
14,2019,1817.67,274.59,165.53,81.44,45.26,310.08
14,2020,1764.05,332.25,233.79,60.82,32.67,356.34
14,2021,1815.5,488.48,322.28,41.55,25.19,504.15
14,2022,1995.28,428.91,385.08,33.05,48.94,463.53
14,2023,1829.12,389.94,314.19,75.74,4.35,422.23
14,2024,1953.27,548.54,376.22,80.89,31.14,569.39
14,2025,2031.41,455.4,365.84,73.49,33.64,498.13
15,2016,1516.47,347.68,240.83,46.88,29.82,385.64
15,2017,1200.52,190.91,157.36,21.69,8.34,220.18
15,2018,1542.92,318.1,278.03,83.89,14.33,360.21
15,2019,1352.7,353.46,291.24,37.18,7.53,401.79
15,2020,1220.18,357.88,307.08,73.8,49.04,406.41
15,2021,1478.08,255.94,214.27,6.32,27.76,281.41
15,2022,1426.89,334.56,259.41,83.13,47.13,344.44
15,2023,1256.34,131.92,114.15,58.33,45.93,146.88
15,2024,1190.06,315.09,275.02,33.71,21.6,326.38
15,2025,1533.12,246.64,184.43,14.23,44.59,257.74
16,2016,4263.66,1235.93,999.8,56.32,30.19,1273.63
16,2017,4914.27,1135.12,964.97,63.49,47.07,1152.71
16,2018,4667.47,669.57,491.07,27.43,19.41,718.71
16,2019,4259.01,1193.97,947.35,10.75,15.24,1242.54
16,2020,4994.71,1322.79,830.05,25.15,32.7,1371.49
16,2021,3858.37,643.2,576.72,79.76,11.85,685.54
16,2022,4495.36,976.74,824.29,27.13,39.17,1017.23
16,2023,4548.2,707.04,632.95,98.82,27.93,747.97
16,2024,3933.43,1074.97,687.49,39.03,39.84,1106.47
16,2025,3814.36,583.88,372.53,44.99,7.46,591.74
17,2016,4728.57,958.23,606.29,52.86,47.38,965.18
17,2017,4735.09,1294.56,979.25,48.51,48.27,1302.3
17,2018,4354.29,785.18,632.72,51.58,45.67,793.49
17,2019,3855.92,854.7,529.66,31.13,32.39,884.38
17,2020,4161.8,1244.07,944.46,48.1,31.06,1253.53
17,2021,4633.15,1253.54,996.91,78.05,36.6,1268.22
17,2022,4319.97,629.41,441.64,48.08,21.97,638.69
17,2023,4288.94,999.42,711.88,19.5,46.3,1007.44
17,2024,4795.85,569.01,357.89,75.19,40.96,599.05
17,2025,4488.82,953.05,666.08,16.61,18.97,987.99
18,2016,4599.94,1123.36,1000.37,62.04,18.88,1154.37
18,2017,3820.59,883.88,589.79,15.28,42.58,905.42
18,2018,4474.49,961.21,809.5,85.29,48.78,1003.04
18,2019,4297.26,982.1,597.0,93.26,41.81,999.14
18,2020,3782.15,909.76,630.19,37.28,2.29,953.9
18,2021,4241.07,764.06,490.96,65.15,3.47,802.64
18,2022,3823.44,703.38,493.96,40.16,36.64,743.34
18,2023,4242.58,496.35,305.64,19.95,31.66,531.68
18,2024,3891.18,904.26,674.31,46.99,15.11,943.23
18,2025,3702.95,688.68,471.73,69.46,25.36,723.7
19,2016,842.49,250.13,154.19,24.42,47.38,289.66
19,2017,984.7,155.47,98.88,52.25,22.67,166.28
19,2018,924.12,134.94,103.58,68.46,19.0,157.81
19,2019,978.92,183.3,135.26,12.4,17.03,207.62
19,2020,890.6,203.08,139.49,43.48,48.38,215.81
19,2021,1032.7,198.3,160.0,39.38,22.96,208.06
19,2022,898.77,161.86,100.93,87.7,37.8,176.83
19,2023,988.62,113.96,90.02,55.41,11.31,153.89
19,2024,876.65,255.67,202.91,19.03,6.93,272.19
19,2025,830.19,108.4,89.73,12.16,47.66,141.66
20,2016,4843.24,1220.38,896.58,92.79,29.1,1253.97
20,2017,4675.63,1275.74,1005.49,19.34,5.28,1300.64
20,2018,4260.64,660.12,407.2,53.2,16.9,685.46
20,2019,3943.39,1050.28,654.34,87.1,43.05,1082.96
20,2020,4524.12,871.08,667.5,80.22,45.0,896.32
20,2021,4914.66,1132.18,788.52,50.18,9.24,1139.96
20,2022,4003.52,1120.29,787.6,72.86,26.22,1133.06
20,2023,4189.59,785.76,575.04,54.66,9.62,807.54
20,2024,4234.93,769.71,539.96,61.8,39.88,803.84
20,2025,3955.03,470.26,377.86,31.99,36.74,504.81
21,2016,1731.01,374.85,240.81,38.23,48.45,411.28
21,2017,1761.44,385.77,340.02,34.41,20.08,426.39
21,2018,1980.19,463.41,393.29,75.18,34.9,492.1
21,2019,1893.38,349.67,247.76,39.45,10.65,364.31
21,2020,2050.02,404.38,270.11,18.07,5.7,447.38
21,2021,1610.42,409.33,348.15,88.95,3.81,429.48
21,2022,1955.84,246.85,176.01,20.41,41.9,286.55
21,2023,1978.04,263.29,192.54,44.03,34.47,278.98
21,2024,1788.57,280.78,231.52,47.65,27.63,299.71
21,2025,1977.82,383.31,326.02,39.94,47.46,432.61
22,2016,4842.22,1237.79,929.42,44.77,9.78,1251.78
22,2017,4630.55,1271.55,782.83,50.66,19.82,1318.59
22,2018,4767.67,968.7,617.45,12.97,9.69,993.92
22,2019,4513.25,1201.47,753.94,91.5,41.2,1246.28
22,2020,5049.08,923.88,664.21,40.53,20.54,932.55
22,2021,4142.24,678.24,427.1,72.9,18.09,689.81
22,2022,3903.0,1106.42,820.67,83.96,38.42,1132.53
22,2023,4644.28,1305.84,790.95,25.49,9.18,1353.15
22,2024,4635.97,856.04,712.95,27.58,7.85,871.77
22,2025,4674.6,1049.74,649.62,84.49,25.99,1078.86
23,2016,5063.34,1233.98,848.22,5.15,18.94,1264.66
23,2017,4514.19,1054.71,798.46,39.26,47.76,1084.19
23,2018,5362.7,1080.72,655.02,87.97,4.09,1103.13
23,2019,4777.61,1191.84,842.78,11.42,13.57,1226.41
23,2020,4395.72,951.15,786.6,17.67,18.91,971.38
23,2021,5159.29,1372.77,1105.64,98.18,24.97,1385.97
23,2022,4439.89,1079.82,953.57,8.51,11.68,1120.42
23,2023,5503.44,897.72,622.14,42.83,41.14,924.02
23,2024,4300.77,986.51,676.58,86.9,4.29,1021.02
23,2025,4635.86,1204.71,880.75,43.0,23.11,1252.75
24,2016,3906.57,778.35,583.18,92.81,26.93,819.4
24,2017,3664.09,424.25,331.23,83.12,28.18,443.7
24,2018,3028.02,703.06,486.48,62.25,22.45,739.1
24,2019,3294.91,357.4,307.73,38.49,49.91,374.75
24,2020,3912.76,1133.06,705.34,65.56,19.44,1174.11
24,2021,3617.23,1051.01,675.62,62.72,39.5,1057.58
24,2022,3015.4,771.05,547.37,41.37,29.23,803.28
24,2023,3616.89,1048.05,745.8,77.49,29.55,1076.88
24,2024,3340.61,768.05,518.34,15.78,37.31,795.51
24,2025,3329.75,707.02,479.74,29.73,23.42,756.86
25,2016,3146.16,942.99,622.42,17.89,5.55,955.76
25,2017,3162.68,947.07,798.53,96.92,49.36,982.12
25,2018,3159.42,663.48,455.88,33.5,9.56,700.41
25,2019,3151.48,424.88,301.01,26.3,49.29,465.52
25,2020,2756.73,548.05,388.17,59.37,24.44,597.29
25,2021,2665.63,737.98,457.34,42.83,36.41,764.52
25,2022,2904.97,528.38,408.16,16.91,17.22,536.72
25,2023,2951.85,600.62,383.5,83.76,28.46,632.07
25,2024,3209.02,403.72,303.14,87.48,41.91,432.03
25,2025,2814.12,372.57,328.02,26.42,47.48,400.92
26,2016,3260.58,489.48,386.94,57.33,8.01,508.11
26,2017,2995.68,600.68,390.8,94.45,9.4,635.32
26,2018,3154.35,697.2,594.54,58.54,41.61,703.48
26,2019,2581.94,589.43,455.65,66.86,38.81,613.18
26,2020,3085.14,615.82,485.36,32.52,47.92,642.55
26,2021,3225.61,764.46,526.89,11.93,4.88,789.24
26,2022,2953.95,415.93,325.26,34.7,36.48,453.97
26,2023,3273.17,965.83,617.39,40.2,28.96,985.19
26,2024,2938.88,451.1,304.21,14.2,15.93,473.39
26,2025,3065.12,458.71,394.3,20.17,17.72,489.71
27,2016,2929.22,386.27,347.18,49.35,44.2,413.65
27,2017,2837.59,506.93,373.69,27.87,30.0,514.12
27,2018,3013.27,661.42,564.1,68.89,15.72,666.79
27,2019,2853.61,361.8,245.79,39.75,21.36,368.84
27,2020,2801.88,595.02,421.72,32.42,20.54,620.29
27,2021,3259.83,864.06,679.99,63.05,8.18,873.41
27,2022,3097.61,921.1,706.81,39.73,8.92,953.21
27,2023,3123.49,337.5,206.44,72.79,40.59,365.87
27,2024,2891.67,805.7,517.21,93.48,17.29,828.38
27,2025,3321.03,891.76,693.89,53.19,26.47,918.8
28,2016,3080.49,318.3,222.61,15.41,21.99,337.15
28,2017,3456.26,948.47,748.13,61.71,14.75,982.97
28,2018,3521.23,759.51,507.55,9.88,25.06,788.1
28,2019,3298.83,840.94,600.48,83.06,13.63,871.71
28,2020,3280.51,453.22,331.9,44.78,21.82,467.4
28,2021,3104.36,690.09,511.69,85.6,36.92,726.85
28,2022,3119.31,661.85,595.29,50.45,20.09,709.9
28,2023,3066.99,633.72,484.09,69.21,43.65,669.35
28,2024,3371.94,515.48,384.16,95.95,15.39,533.91
28,2025,3494.13,1035.84,861.15,71.97,35.13,1062.85
29,2016,4450.56,1276.15,1070.21,30.98,7.85,1311.6
29,2017,4491.61,1329.66,1124.25,95.69,40.62,1347.73
29,2018,4369.26,1060.98,746.83,47.03,14.31,1087.54
29,2019,4255.55,883.94,777.79,71.14,8.59,916.65
29,2020,4766.9,707.84,566.94,55.45,32.62,715.2
29,2021,4536.28,1104.46,695.99,78.22,2.25,1134.23
29,2022,5221.77,947.13,833.96,88.45,24.92,961.11
29,2023,5268.04,865.19,686.76,91.25,6.29,896.03
29,2024,4698.22,1149.3,1012.53,91.76,10.4,1194.0
29,2025,4220.62,1198.35,1077.5,42.71,25.78,1245.5
30,2016,3339.04,340.09,262.0,15.19,49.18,357.9
30,2017,3435.81,716.92,536.38,94.16,42.85,742.98
30,2018,2749.97,336.95,218.6,48.6,14.35,350.33
30,2019,3218.35,830.83,640.02,76.94,10.42,874.36
30,2020,3356.52,890.81,672.19,13.24,34.12,904.13
30,2021,2705.01,445.57,300.5,29.77,13.31,484.49
30,2022,3405.61,546.22,446.19,6.09,33.38,582.39
30,2023,2637.41,326.1,225.67,43.51,26.12,371.38
30,2024,3189.87,517.38,328.65,92.03,16.16,550.04
30,2025,2772.64,351.33,226.94,76.03,31.08,375.04
31,2016,5868.02,1475.63,1240.41,83.43,38.57,1511.25
31,2017,5392.64,1388.47,1051.98,55.18,19.37,1434.75
31,2018,4667.38,1240.38,1080.21,24.2,27.76,1252.78
31,2019,5780.57,1088.88,875.56,73.11,25.46,1134.33
31,2020,5167.19,574.22,367.26,44.47,29.07,604.37
31,2021,5508.05,890.29,539.99,29.17,2.14,905.1
31,2022,4608.62,851.39,689.72,56.41,4.89,896.63
31,2023,5978.01,1162.21,797.42,22.1,8.5,1196.08
31,2024,5592.82,1637.33,1166.33,89.68,23.53,1683.6
31,2025,5065.23,587.82,522.72,88.08,8.38,631.53
32,2016,1402.66,290.98,220.75,74.15,12.69,296.14
32,2017,1333.93,212.99,170.83,56.72,27.53,255.04
32,2018,1433.13,242.53,165.57,94.05,36.8,252.61
32,2019,1681.12,309.07,256.47,88.96,2.75,323.34
32,2020,1368.43,146.03,113.81,71.81,4.34,184.35
32,2021,1501.42,220.51,146.68,87.05,4.71,248.19
32,2022,1451.55,381.99,313.02,35.3,30.7,417.25
32,2023,1465.41,234.98,151.09,67.72,12.61,253.5
32,2024,1350.8,391.33,338.08,91.6,32.05,415.55
32,2025,1542.62,454.24,400.86,68.78,39.72,473.58
33,2016,3997.89,639.57,419.02,56.1,13.57,654.71
33,2017,4524.9,583.13,430.88,10.47,21.81,606.87
33,2018,4140.68,735.73,497.72,36.37,5.8,760.97
33,2019,3954.27,819.04,695.22,9.9,20.1,851.26
33,2020,3565.39,408.44,343.66,60.82,34.23,423.21
33,2021,3764.03,1059.22,731.87,91.35,12.17,1072.77
33,2022,4388.75,1094.45,904.34,91.87,35.39,1131.12
33,2023,3984.25,589.14,410.33,31.89,24.38,623.33
33,2024,3880.78,667.22,577.04,49.27,40.54,704.73
33,2025,4412.39,723.84,478.41,34.73,4.19,767.72
34,2016,1533.75,323.1,250.47,73.4,16.17,336.93
34,2017,1642.46,351.42,236.76,57.31,47.29,371.61
34,2018,1913.67,378.38,309.16,75.26,24.12,416.35
34,2019,1704.58,218.17,166.67,22.48,44.69,267.73
34,2020,2012.25,412.09,350.99,12.06,41.26,419.27
34,2021,1528.75,194.91,153.83,11.46,9.25,209.75
34,2022,1757.38,196.98,155.87,93.72,45.81,231.65
34,2023,1533.5,316.58,229.01,6.59,36.67,345.69
34,2024,1671.28,335.0,271.13,45.9,47.11,348.07
34,2025,1992.33,408.18,274.42,63.88,14.12,429.13
35,2016,3464.82,1011.24,745.99,28.1,35.47,1029.74
35,2017,4307.72,500.23,448.96,66.74,3.52,523.47
35,2018,3800.33,741.83,586.81,71.77,5.97,784.87
35,2019,4101.61,681.91,609.08,97.51,44.95,728.27
35,2020,3634.46,1018.57,822.69,58.84,15.01,1065.16
35,2021,4146.09,647.1,493.68,67.52,10.61,690.37
35,2022,3393.52,479.95,308.73,82.97,41.4,526.75
35,2023,3712.68,790.03,608.33,85.7,34.5,819.36
35,2024,3807.84,944.15,790.39,70.48,5.76,982.7
35,2025,3765.1,450.07,301.39,12.22,31.05,482.69
36,2016,4463.84,737.76,583.01,79.44,23.63,753.03
36,2017,3996.1,699.66,458.78,60.66,20.24,739.41
36,2018,3706.31,553.31,344.19,30.46,20.24,593.59
36,2019,3547.62,631.21,447.03,13.69,47.26,656.22
36,2020,4230.39,509.53,319.06,45.94,28.74,537.59
36,2021,3490.27,411.59,315.39,61.71,39.65,455.46
36,2022,3387.98,619.19,516.25,73.86,28.86,668.86
36,2023,3647.11,744.82,600.02,21.1,14.91,761.9
36,2024,3538.23,472.15,322.38,33.48,39.57,493.4
36,2025,4436.07,1083.2,811.04,63.58,23.98,1094.3
37,2016,657.48,109.43,86.02,81.39,17.82,129.49
37,2017,635.28,172.73,154.12,17.93,17.39,220.36
37,2018,532.94,86.78,77.18,97.03,15.99,123.05
37,2019,581.25,125.07,84.14,40.73,41.19,147.75
37,2020,518.46,110.31,85.78,56.83,34.72,140.06
37,2021,658.18,126.58,102.85,46.65,15.98,162.76
37,2022,635.86,164.77,119.09,52.43,32.4,180.66
37,2023,609.17,148.06,123.89,12.03,49.55,174.63
37,2024,566.23,113.99,99.87,70.71,28.09,154.57
37,2025,559.36,156.12,118.82,65.63,6.08,195.72
38,2016,3237.26,720.41,553.97,66.28,33.04,768.92
38,2017,3406.22,883.05,557.9,14.37,12.66,921.66
38,2018,3637.69,864.07,575.74,40.54,24.23,899.65
38,2019,3773.1,491.07,441.62,50.86,16.18,537.49
38,2020,3154.98,840.06,688.05,38.09,18.47,880.35
38,2021,3599.99,610.77,384.35,73.59,23.72,618.79
38,2022,3112.88,753.8,457.39,37.59,7.25,794.8
38,2023,4017.95,996.84,752.41,57.43,17.89,1021.03
38,2024,3539.6,918.71,724.8,22.71,33.55,941.51
38,2025,3821.11,1056.99,776.75,45.81,2.21,1071.66
39,2016,3129.44,819.12,506.85,14.67,43.86,832.53
39,2017,2773.87,531.22,360.54,86.95,27.33,564.98
39,2018,2999.87,666.76,517.47,38.05,42.58,699.54
39,2019,3180.66,767.17,528.76,63.38,6.07,778.2
39,2020,2600.3,418.85,274.31,70.88,26.52,442.67
39,2021,2616.98,462.53,303.29,65.37,35.28,496.57
39,2022,3335.92,703.82,525.68,18.33,17.1,729.12
39,2023,2546.71,437.54,263.78,17.97,41.13,485.91
39,2024,2923.54,581.77,468.56,44.48,42.31,608.76
39,2025,2570.95,272.96,226.1,32.75,15.19,302.15
40,2016,2128.93,453.74,377.4,52.05,26.52,484.51
40,2017,1840.15,383.89,344.45,56.49,38.33,423.09
40,2018,1937.83,278.48,202.61,74.92,33.38,294.62
40,2019,2181.91,232.26,157.67,86.91,6.18,276.2
40,2020,1755.4,460.58,305.35,75.07,35.08,504.33
40,2021,2032.94,377.38,296.18,79.56,41.05,418.62
40,2022,2010.31,415.04,323.34,21.0,48.99,433.21
40,2023,2011.81,584.39,440.82,90.51,41.13,595.49
40,2024,2111.68,385.0,237.85,31.35,33.48,421.56
40,2025,1764.02,228.0,158.83,28.52,42.49,250.67
41,2016,1785.85,274.56,198.85,47.94,32.41,319.17
41,2017,1544.07,313.64,214.36,93.95,19.72,361.4
41,2018,1660.98,166.92,138.92,74.61,37.08,192.55
41,2019,1829.14,313.96,194.34,55.77,12.46,338.29
41,2020,1603.36,246.45,209.11,37.09,29.74,276.93
41,2021,1739.88,293.6,236.28,9.6,6.78,333.88
41,2022,1727.02,215.61,184.84,46.92,2.03,263.72
41,2023,1598.6,380.02,243.05,66.75,9.63,426.99
41,2024,1634.39,377.41,254.8,40.33,45.38,389.86
41,2025,1695.45,273.14,221.2,27.24,33.46,309.81
42,2016,489.73,56.61,44.05,54.35,23.36,61.97
42,2017,509.56,63.25,54.27,70.93,24.93,78.55
42,2018,470.81,122.97,77.59,39.92,16.36,145.19
42,2019,581.16,159.76,126.61,69.33,5.28,190.11
42,2020,550.21,73.08,51.55,25.24,37.92,119.48
42,2021,551.09,103.87,69.09,90.18,8.72,114.41
42,2022,568.45,96.81,70.56,80.15,13.89,130.82
42,2023,495.02,109.0,88.98,32.07,47.18,115.21
42,2024,586.29,161.33,106.74,62.66,11.06,183.96
42,2025,555.68,142.68,119.58,27.74,20.52,158.53
43,2016,1144.22,338.16,303.01,93.72,8.34,381.9
43,2017,1157.23,200.3,161.22,77.46,47.81,239.97
43,2018,978.31,111.04,75.36,8.78,4.9,151.56
43,2019,1137.19,256.68,192.59,44.47,35.69,265.39
43,2020,1146.91,256.0,174.91,34.44,26.54,270.14
43,2021,1234.95,255.98,183.59,65.26,42.06,291.63
43,2022,994.34,238.38,195.23,85.41,4.78,247.26
43,2023,1113.8,212.37,166.21,34.38,37.6,250.7
43,2024,1011.64,244.39,198.07,20.56,47.74,272.93
43,2025,1226.82,299.53,194.72,17.06,39.49,316.62
44,2016,1659.81,175.73,147.99,30.84,5.07,212.78
44,2017,1574.08,181.67,133.81,39.21,25.98,212.18
44,2018,1482.12,223.83,141.21,59.52,36.69,239.11
44,2019,1544.23,168.02,144.31,28.23,24.64,190.25
44,2020,1386.35,396.82,340.17,57.52,45.87,435.15
44,2021,1504.86,247.34,179.29,73.43,15.02,255.84
44,2022,1484.37,297.48,258.98,22.04,40.61,346.64
44,2023,1740.19,198.01,146.43,31.82,42.55,217.74
44,2024,1563.72,158.86,104.88,58.56,16.59,191.88
44,2025,1524.47,332.85,248.97,78.4,11.38,378.37
45,2016,2370.49,679.1,412.33,56.45,32.53,715.31
45,2017,2264.42,378.17,313.0,40.75,37.43,397.01
45,2018,2411.59,715.33,519.29,96.31,48.68,726.74
45,2019,2467.74,268.44,179.7,85.32,21.83,313.74
45,2020,2602.14,649.44,502.82,53.02,32.59,672.19
45,2021,2702.54,303.92,242.75,17.42,16.0,347.21
45,2022,2953.95,527.55,448.19,35.99,23.73,543.06
45,2023,2967.13,377.49,313.71,15.35,7.07,402.72
45,2024,2493.48,309.56,219.01,78.18,23.69,335.41
45,2025,2898.61,342.28,288.3,33.9,35.83,374.43
46,2016,2601.91,430.77,270.25,28.58,19.08,458.88
46,2017,2494.23,379.21,340.23,7.95,21.41,404.56
46,2018,2542.32,381.27,281.61,81.37,8.71,386.81
46,2019,2598.14,770.38,492.44,83.25,19.87,803.74
46,2020,2472.19,535.14,362.64,82.21,3.05,543.04
46,2021,2647.06,499.46,318.97,90.98,41.81,519.38
46,2022,2063.86,396.67,257.99,59.52,41.44,419.44
46,2023,2054.9,486.28,316.98,25.4,10.98,503.87
46,2024,2634.13,281.67,221.32,28.35,16.17,305.21
46,2025,2408.43,270.22,184.81,18.04,11.57,315.03
47,2016,4685.6,1400.14,1068.44,6.86,20.36,1437.24
47,2017,5018.05,1286.06,904.37,58.74,17.44,1303.23
47,2018,4363.89,957.54,582.94,82.02,15.48,998.93
47,2019,5006.52,858.55,665.55,27.11,9.66,874.7
47,2020,4674.07,966.31,809.16,75.02,38.67,1013.96
47,2021,5156.51,1529.08,1095.63,93.84,49.59,1541.9
47,2022,4667.43,763.6,627.25,39.08,30.39,800.26
47,2023,4833.46,1032.09,663.25,95.1,42.16,1073.56
47,2024,5725.7,1193.38,778.88,8.61,4.7,1225.45
47,2025,4355.04,851.84,595.88,63.34,40.71,872.17
48,2016,2296.01,617.3,430.31,7.08,30.16,663.58
48,2017,2211.4,595.52,511.08,96.25,19.93,642.91
48,2018,1989.48,239.15,165.14,17.96,9.56,286.84
48,2019,2221.64,649.01,515.8,21.55,48.5,685.22
48,2020,2301.91,592.51,395.19,60.95,10.42,611.32
48,2021,2161.09,271.15,221.98,95.13,47.54,293.77
48,2022,2340.25,685.78,418.13,62.23,46.21,734.32
48,2023,1887.12,402.16,354.31,18.36,37.78,417.87
48,2024,2333.28,311.67,269.78,13.43,36.03,345.43
48,2025,2277.19,431.13,292.98,28.71,5.25,447.68
49,2016,1545.83,169.47,123.96,44.87,9.98,193.1
49,2017,1612.88,274.59,195.67,83.74,39.86,305.6
49,2018,1561.55,226.61,166.65,80.92,3.6,232.51
49,2019,1355.0,163.88,115.13,89.35,9.72,172.26
49,2020,1637.83,484.16,339.58,98.6,44.87,520.86
49,2021,1425.71,328.95,257.3,46.25,4.57,348.85
49,2022,1651.36,300.31,230.11,92.93,27.93,335.04
49,2023,1370.07,163.29,117.22,57.22,25.57,170.74
49,2024,1248.09,146.68,124.26,64.38,25.06,156.04
49,2025,1332.49,303.33,270.91,49.99,7.54,343.65
50,2016,4560.6,1059.01,664.36,56.69,10.87,1103.86
50,2017,4404.14,833.07,565.65,49.18,12.86,850.16
50,2018,4001.87,1002.26,802.05,13.14,18.5,1031.63
50,2019,5190.11,1131.16,866.56,84.88,41.28,1155.0
50,2020,4621.27,1263.36,937.98,88.76,24.86,1271.91
50,2021,5101.32,1238.91,929.96,90.54,40.42,1274.4
50,2022,4732.06,587.04,485.57,21.42,49.25,635.79
50,2023,4978.04,623.44,453.25,98.89,22.9,673.32
50,2024,4741.15,1265.04,856.89,91.53,45.88,1273.06
50,2025,4428.58,794.8,554.64,31.24,23.99,839.11
51,2016,5422.94,664.33,428.42,58.83,29.97,712.75
51,2017,4445.69,538.49,449.03,79.65,43.64,583.1
51,2018,5560.9,849.86,676.86,59.34,24.71,862.61
51,2019,4879.86,1091.38,877.74,43.16,21.0,1135.93
51,2020,5292.2,581.39,431.72,30.52,19.88,601.59
51,2021,5440.1,882.33,752.5,86.53,34.87,931.09
51,2022,4628.89,741.07,609.99,78.53,17.4,778.87
51,2023,5169.54,609.27,446.3,91.78,21.54,636.07
51,2024,5042.66,881.37,543.68,80.19,5.15,918.3
51,2025,4880.45,1249.9,946.53,59.02,10.34,1294.28
52,2016,2467.94,369.94,272.62,92.21,35.82,387.27
52,2017,2459.28,494.38,390.87,16.77,3.47,516.14
52,2018,2311.69,313.27,269.77,60.75,18.79,325.63
52,2019,2504.94,625.71,504.73,32.08,20.56,638.04
52,2020,2297.68,673.18,577.01,66.5,34.53,690.29
52,2021,2193.0,228.09,190.25,77.92,2.43,274.11
52,2022,2345.99,516.65,311.3,28.98,40.64,535.4
52,2023,2551.59,583.16,424.04,40.77,18.74,599.5
52,2024,2229.78,524.98,444.81,42.73,6.91,553.0
52,2025,2355.63,632.86,450.77,66.5,31.23,651.29
53,2016,1446.66,241.96,165.25,35.89,15.29,276.49
53,2017,1642.13,378.17,248.27,54.14,13.53,385.72
53,2018,1602.71,419.92,302.86,35.36,8.72,426.07
53,2019,1453.16,231.23,201.65,43.44,37.36,262.47
53,2020,1659.82,436.87,307.1,72.77,34.94,470.59
53,2021,1444.17,416.11,294.42,33.52,10.16,450.7
53,2022,1478.45,234.71,173.98,75.39,36.81,264.87
53,2023,1625.7,470.45,409.23,67.17,12.67,485.5
53,2024,1608.58,296.13,256.46,40.31,30.11,322.0
53,2025,1295.44,143.45,113.37,60.13,31.79,169.7
54,2016,2197.95,601.14,429.51,33.34,4.59,644.58
54,2017,1969.95,275.91,199.42,59.09,45.52,301.5
54,2018,2082.36,506.29,422.09,51.32,32.29,519.25
54,2019,2282.1,230.36,157.12,77.31,10.09,269.76
54,2020,2191.11,553.72,346.86,63.38,32.41,576.87
54,2021,2489.83,439.86,268.89,23.94,19.91,445.49
54,2022,2086.02,556.23,365.54,69.29,32.08,572.43
54,2023,2319.16,391.64,250.13,41.44,30.26,404.16
54,2024,2400.99,383.3,263.42,74.14,30.63,403.5
54,2025,2441.26,730.17,513.18,90.63,19.24,743.65
55,2016,3445.43,499.12,446.94,25.06,3.05,526.83
55,2017,3564.15,863.32,723.15,40.64,32.74,903.03
55,2018,4134.72,904.61,555.78,15.27,42.13,911.78
55,2019,3555.74,671.55,427.83,29.01,35.69,685.8
55,2020,4206.17,428.44,311.16,14.59,26.97,461.47
55,2021,4223.27,776.09,674.88,53.6,31.65,793.81
55,2022,4319.17,861.88,674.59,78.91,41.91,910.67
55,2023,3832.06,697.25,451.9,57.07,45.7,733.22
55,2024,3972.13,583.51,352.34,13.46,7.3,614.35
55,2025,3987.47,1155.92,963.87,12.13,36.73,1201.64
56,2016,2481.6,733.21,498.02,9.76,41.03,777.55
56,2017,2765.53,475.79,382.07,45.47,7.56,519.1
56,2018,2792.84,284.69,182.63,66.48,17.78,329.94
56,2019,2839.36,436.3,357.73,40.4,18.45,446.42
56,2020,2441.04,466.99,397.27,70.54,24.96,490.97
56,2021,2789.85,372.04,238.01,74.01,49.12,415.04
56,2022,2228.16,628.89,468.4,59.05,23.03,661.4
56,2023,2713.06,603.04,517.87,88.6,36.91,648.17
56,2024,2500.5,494.16,428.08,46.87,5.04,528.63
56,2025,2162.57,591.82,448.27,75.64,36.74,606.9
57,2016,3453.29,820.67,644.61,46.12,36.88,847.36
57,2017,3595.2,820.72,529.03,83.51,44.82,853.3
57,2018,2955.33,847.81,637.27,49.58,25.8,860.25
57,2019,3681.28,604.2,422.5,31.42,26.33,633.97
57,2020,3315.46,873.36,544.67,47.2,29.51,882.32
57,2021,3433.04,560.31,501.03,75.8,2.85,583.46
57,2022,2979.06,625.07,529.92,80.22,48.23,658.76
57,2023,3817.37,811.06,645.91,48.34,18.36,853.2
57,2024,3745.22,1006.95,704.45,77.9,30.8,1044.2
57,2025,3300.4,628.75,395.63,67.6,2.11,649.73
58,2016,3076.91,537.78,339.82,90.2,25.64,579.76
58,2017,3245.88,590.24,399.17,23.61,7.8,633.59
58,2018,2788.88,738.8,485.52,37.1,38.34,745.89
58,2019,3151.11,738.71,470.53,89.72,23.95,770.23
58,2020,3039.19,889.79,535.03,74.94,28.55,914.27
58,2021,3109.38,885.78,739.03,91.47,35.21,898.59
58,2022,3308.96,399.43,318.45,62.59,17.45,444.09
58,2023,2965.01,657.64,531.21,28.58,21.1,678.07
58,2024,2857.04,745.57,478.25,62.24,44.55,773.62
58,2025,3333.1,698.49,484.87,75.0,28.57,713.27
59,2016,2410.43,381.13,268.16,68.88,49.1,415.38
59,2017,2632.68,528.59,427.26,35.63,7.54,549.44
59,2018,2314.79,495.66,396.6,44.66,37.9,538.52
59,2019,2185.47,588.9,496.14,54.66,3.21,600.44
59,2020,2441.09,341.7,281.92,20.29,15.76,357.98
59,2021,2553.57,608.05,418.67,76.59,3.55,649.68
59,2022,2063.46,564.58,464.0,87.16,37.64,594.84
59,2023,2153.32,553.1,464.41,32.33,33.9,599.79
59,2024,2253.06,656.41,586.01,34.7,28.5,661.99
59,2025,2162.47,484.64,404.32,87.66,41.84,530.66
60,2016,3956.38,828.16,646.81,78.73,48.29,846.4
60,2017,3347.74,791.85,519.53,21.51,26.66,813.82
60,2018,3612.28,763.35,487.8,60.48,14.24,783.23
60,2019,3908.53,511.87,330.72,35.65,4.44,558.83
60,2020,3809.41,885.22,661.41,59.4,19.19,925.5
60,2021,3495.7,503.35,329.78,11.48,26.25,527.07
60,2022,3726.62,441.19,293.99,25.27,17.93,462.43
60,2023,3390.95,849.54,644.93,99.68,41.54,898.69
60,2024,3170.08,741.13,543.77,90.93,31.46,774.08
60,2025,4171.09,986.51,686.89,92.01,47.36,1008.87
61,2016,5502.17,577.4,435.97,78.2,26.69,605.29
61,2017,5151.75,820.61,652.76,35.43,5.95,829.93
61,2018,5868.08,1494.39,1135.68,64.56,12.12,1527.72
61,2019,4747.47,1125.54,957.5,24.53,41.78,1170.08
61,2020,5527.88,1033.98,873.74,11.85,34.93,1040.05
61,2021,5491.67,590.78,367.45,21.91,14.09,598.95
61,2022,5646.44,1593.41,1150.9,47.86,21.41,1612.65
61,2023,5007.99,619.29,372.67,73.43,5.04,657.86
61,2024,4499.75,1213.36,858.22,52.77,15.91,1249.22
61,2025,5328.7,832.89,731.28,41.23,41.46,839.28
62,2016,1886.87,240.15,172.26,80.76,28.19,288.36
62,2017,1678.94,395.32,345.61,80.53,37.01,417.11
62,2018,2109.01,444.38,340.63,16.71,2.24,476.23
62,2019,1888.84,546.62,377.94,76.09,45.37,567.09
62,2020,1822.36,417.66,314.82,20.29,12.6,460.22
62,2021,1705.77,232.45,195.23,85.96,42.87,279.41
62,2022,2132.96,410.07,313.66,32.61,5.23,419.49
62,2023,1989.46,392.8,274.67,17.18,33.46,402.3
62,2024,1932.82,541.24,376.34,47.81,31.58,560.0
62,2025,1913.95,407.88,289.33,35.05,22.56,413.1
63,2016,2857.42,692.75,548.83,31.28,19.26,728.33
63,2017,2514.66,492.85,361.56,78.6,25.37,502.75
63,2018,2751.66,320.28,219.13,83.51,44.78,334.12
63,2019,2818.08,634.98,519.56,89.75,42.78,668.4
63,2020,2877.78,620.97,515.88,25.21,3.76,637.7
63,2021,2939.18,611.16,486.59,19.12,20.84,656.27
63,2022,2709.43,735.43,470.8,52.61,6.35,756.8
63,2023,2272.39,335.81,298.6,98.28,34.84,374.88
63,2024,2370.35,312.52,240.61,58.75,43.87,324.1
63,2025,2816.92,810.81,496.32,77.34,13.12,827.71
64,2016,2206.34,311.88,272.06,39.32,24.54,337.34
64,2017,2208.97,654.12,456.07,71.85,27.03,696.45
64,2018,2780.67,424.51,324.03,21.52,33.38,445.95
64,2019,2649.03,707.54,534.19,40.75,45.55,735.78
64,2020,2431.19,665.04,496.16,50.8,31.0,692.62
64,2021,2276.07,302.99,188.8,66.13,12.15,316.4
64,2022,2437.95,593.54,377.19,26.88,40.94,630.95
64,2023,2524.45,494.19,327.75,20.32,42.0,500.2
64,2024,2206.58,473.75,307.15,64.81,3.88,504.5
64,2025,2215.84,336.04,219.77,96.03,30.77,366.4
65,2016,758.64,186.32,157.7,94.99,12.4,218.61
65,2017,679.01,133.31,88.76,44.02,8.85,164.53
65,2018,736.92,165.54,124.69,20.93,34.91,212.05
65,2019,703.48,80.03,57.1,17.56,2.8,108.55
65,2020,764.67,181.13,153.59,62.52,10.52,226.7
65,2021,704.12,194.02,147.34,76.48,6.47,228.69
65,2022,763.23,158.64,95.24,94.08,34.57,183.06
65,2023,669.09,183.98,148.89,45.75,47.04,210.68
65,2024,737.15,125.39,105.5,91.25,42.19,156.32
65,2025,670.03,101.11,83.9,91.46,6.02,133.03
66,2016,5065.93,698.11,567.39,80.0,29.74,708.41
66,2017,4469.29,1032.0,832.13,35.01,19.39,1043.97
66,2018,5426.97,817.99,700.6,45.24,19.55,835.39
66,2019,5470.12,1372.97,993.99,79.46,25.16,1394.63
66,2020,5283.31,796.49,551.17,37.71,35.86,834.6
66,2021,5729.3,1328.38,1095.04,47.43,35.57,1340.66
66,2022,4777.33,860.46,603.64,57.3,35.46,897.27
66,2023,4697.49,1375.96,827.76,13.65,8.98,1422.62
66,2024,5105.66,576.0,383.92,12.6,3.81,598.29
66,2025,5921.69,1319.31,997.8,72.6,30.68,1366.87
67,2016,2113.19,396.85,262.12,67.4,40.59,414.72
67,2017,1761.01,387.25,292.27,27.01,10.14,393.87
67,2018,1880.39,188.15,121.78,99.7,39.42,209.04
67,2019,1970.88,428.11,323.36,75.01,5.29,437.17
67,2020,1906.65,507.08,443.44,38.07,48.24,524.52
67,2021,2093.49,290.8,255.59,59.62,14.53,314.12
67,2022,1803.3,206.44,142.09,94.97,40.54,254.49
67,2023,2250.08,590.94,456.48,70.95,48.37,621.28
67,2024,2188.47,550.39,488.95,48.59,24.11,581.8
67,2025,1757.38,216.6,134.35,65.2,49.72,252.06
68,2016,2716.74,495.76,349.97,55.89,35.64,512.61
68,2017,2350.08,422.51,348.42,37.49,28.62,435.54
68,2018,2369.09,340.47,262.88,22.36,37.82,387.33
68,2019,2280.65,564.28,378.33,28.0,14.74,579.59
68,2020,2741.6,732.74,517.91,79.0,7.75,741.27
68,2021,2827.99,561.45,337.99,86.42,47.98,604.61
68,2022,2410.07,393.04,341.72,88.69,29.58,410.4
68,2023,2275.44,575.35,433.43,42.8,38.01,586.12
68,2024,2520.55,465.38,410.42,8.09,18.67,509.1
68,2025,2699.39,516.77,328.72,54.23,17.15,522.15
69,2016,2256.78,271.15,192.1,86.87,10.98,287.98
69,2017,2183.31,636.88,447.68,22.47,22.35,660.74
69,2018,2505.72,433.53,312.22,47.82,29.43,482.6
69,2019,2461.52,646.98,528.09,81.39,28.66,690.51
69,2020,2134.33,554.94,455.92,49.93,2.47,578.91
69,2021,2093.2,583.28,460.32,55.73,17.15,610.18
69,2022,2171.0,589.86,362.36,14.4,9.84,604.56
69,2023,2173.21,581.97,366.0,75.74,14.47,603.18
69,2024,2375.69,622.44,437.73,44.12,18.85,658.02
69,2025,2407.8,518.57,412.24,56.15,49.01,536.38
70,2016,3485.49,688.38,565.13,89.52,20.29,706.27
70,2017,3446.13,444.45,289.01,81.73,18.19,477.86
70,2018,3389.13,914.32,568.16,20.39,12.95,933.58
70,2019,3123.17,479.39,380.34,30.77,23.36,523.22
70,2020,3191.31,693.74,617.19,44.33,10.83,699.78
70,2021,3537.28,822.08,725.18,71.57,5.84,834.59
70,2022,2944.45,332.01,286.73,57.1,3.27,354.88
70,2023,3572.61,416.75,282.86,19.75,33.43,461.6
70,2024,3140.26,469.4,321.66,64.52,8.3,512.13
70,2025,2873.81,668.76,573.87,35.89,24.86,717.63
71,2016,5817.29,1219.94,781.41,95.11,27.89,1251.53
71,2017,5110.15,1276.43,1101.8,46.32,32.71,1305.45
71,2018,5778.95,1134.58,758.06,13.51,16.78,1158.13
71,2019,4665.41,476.39,360.62,77.04,8.54,494.29
71,2020,5226.29,1241.53,928.14,76.77,16.38,1280.99
71,2021,5614.91,1231.92,1033.62,57.08,11.05,1276.62
71,2022,5081.42,762.11,620.72,66.37,41.76,777.04
71,2023,4552.3,1024.56,773.53,81.0,31.43,1060.79
71,2024,4837.13,1111.05,843.94,30.54,11.02,1119.13
71,2025,4637.18,566.07,416.97,48.01,35.62,593.21
72,2016,2831.59,311.27,236.72,22.66,6.91,328.38
72,2017,3484.11,855.08,572.77,19.31,25.69,875.47
72,2018,3105.6,807.12,725.91,49.05,39.99,826.98
72,2019,3604.48,1046.48,645.48,78.69,5.43,1072.64
72,2020,2993.64,803.22,678.86,83.68,7.85,842.79
72,2021,3046.88,774.65,567.73,75.07,3.61,800.39
72,2022,3536.44,722.24,646.14,49.92,34.71,741.28
72,2023,3116.37,703.78,431.17,94.05,27.0,720.18
72,2024,3412.2,476.84,413.07,87.05,12.45,486.92
72,2025,3406.94,561.81,365.29,31.23,7.74,602.32
73,2016,682.24,147.51,119.07,70.4,9.44,187.2
73,2017,558.46,111.68,89.99,37.15,48.54,150.86
73,2018,526.02,90.0,58.16,55.95,7.15,116.95
73,2019,570.15,120.68,95.75,38.0,44.81,158.67
73,2020,519.37,91.18,74.52,28.82,3.9,127.98
73,2021,611.8,127.59,95.31,58.84,28.09,147.16
73,2022,596.22,163.09,127.15,86.75,9.7,191.99
73,2023,592.95,156.47,119.31,48.14,39.24,184.24
73,2024,641.82,177.52,139.52,39.59,31.77,196.95
73,2025,526.59,154.52,130.68,23.04,34.79,193.98
74,2016,1909.85,314.21,248.94,15.49,27.11,322.21
74,2017,2027.28,255.35,220.12,24.2,25.3,264.79
74,2018,1887.64,504.49,402.27,54.95,35.66,521.01
74,2019,1779.45,393.6,244.53,93.37,12.02,420.71
74,2020,2056.13,238.49,200.4,10.77,28.78,285.71
74,2021,1805.67,313.85,255.01,83.25,14.76,320.68
74,2022,1623.01,260.95,230.52,96.26,6.66,298.58
74,2023,1866.84,257.42,195.09,28.63,32.02,270.47
74,2024,1981.82,362.75,229.13,65.67,19.18,388.39
74,2025,1937.45,535.83,348.31,22.14,21.27,556.02
75,2016,1903.01,418.63,368.42,90.74,28.4,468.49
75,2017,2070.45,377.79,298.44,83.48,17.53,393.62
75,2018,1909.32,334.16,255.66,75.73,19.28,359.52
75,2019,2132.37,213.32,130.21,32.03,2.78,224.4
75,2020,2094.94,212.25,190.03,25.41,17.12,251.97
75,2021,2123.49,561.59,491.8,53.57,29.39,592.31
75,2022,1666.27,320.05,207.02,30.17,44.7,336.29
75,2023,1753.49,280.66,216.43,59.06,12.44,289.13
75,2024,1790.35,351.82,262.63,90.41,35.74,393.7
75,2025,1666.85,380.79,232.74,81.79,20.31,420.9
76,2016,3253.18,856.98,621.27,87.44,43.75,872.18
76,2017,3549.41,782.5,472.18,78.85,20.36,801.22
76,2018,2955.12,614.62,396.35,52.73,12.6,621.89
76,2019,3625.97,647.51,475.07,61.54,26.23,662.5
76,2020,3196.68,571.77,365.74,12.84,29.43,578.99
76,2021,3302.99,386.5,290.09,78.51,8.26,397.57
76,2022,3458.57,683.32,543.7,23.63,31.57,721.43
76,2023,3154.38,360.64,300.42,35.72,46.36,369.67
76,2024,3567.84,659.01,464.27,35.47,30.51,665.1
76,2025,3211.29,955.46,749.91,99.07,23.23,967.02
77,2016,1020.69,149.73,120.62,19.82,36.97,158.59
77,2017,972.67,144.55,113.66,19.03,41.96,162.5
77,2018,869.58,226.84,156.87,49.76,17.93,265.14
77,2019,835.41,174.84,144.26,57.14,31.91,224.49
77,2020,961.09,224.56,160.11,91.07,27.29,241.06
77,2021,795.93,111.54,90.23,30.77,24.32,159.07
77,2022,797.62,185.11,147.88,91.72,19.29,194.97
77,2023,856.38,236.94,169.64,98.08,26.41,273.88
77,2024,1015.4,199.97,155.8,13.36,11.55,248.48
77,2025,926.13,224.58,137.43,92.62,16.64,251.63
78,2016,1617.24,383.06,270.68,33.72,49.81,432.1
78,2017,1755.22,197.29,133.63,41.78,50.0,246.86
78,2018,2113.27,612.47,408.93,37.47,20.86,623.65
78,2019,1998.47,407.97,327.76,87.91,34.95,431.75
78,2020,1914.36,354.72,246.07,62.51,23.56,365.65
78,2021,1956.99,423.11,340.69,24.22,8.63,459.09
78,2022,2088.89,588.88,429.3,91.36,38.96,623.41
78,2023,1910.04,251.38,155.94,55.63,36.53,264.67
78,2024,2057.22,265.6,161.71,35.28,48.7,313.85
78,2025,1769.93,440.93,373.25,65.5,37.44,452.77
79,2016,1900.41,260.26,215.69,63.14,14.81,290.78
79,2017,1976.35,289.41,233.33,39.13,35.03,315.86
79,2018,2142.37,473.34,385.11,40.53,42.9,500.46
79,2019,1919.22,266.1,162.23,77.63,2.72,283.24
79,2020,2087.76,518.75,465.05,76.99,5.17,565.47
79,2021,2438.01,666.61,497.95,35.87,23.96,682.72
79,2022,2082.76,225.7,185.21,41.14,17.02,258.22
79,2023,2289.27,500.8,379.39,88.2,39.77,529.23
79,2024,2111.35,560.36,343.35,99.6,26.9,583.16
79,2025,2284.8,483.33,364.84,64.91,4.37,501.43
80,2016,4381.6,1116.15,765.43,20.82,16.13,1162.51
80,2017,4162.27,1168.5,863.61,66.38,6.34,1196.03
80,2018,3586.78,778.65,676.1,56.91,20.87,798.21
80,2019,3412.1,650.81,565.54,90.1,44.36,659.87
80,2020,3749.56,861.33,700.64,20.58,37.2,870.43
80,2021,4180.62,948.23,593.21,72.19,36.89,997.11
80,2022,4074.42,537.74,411.43,9.17,10.2,557.82
80,2023,4366.83,1190.11,771.95,18.74,38.92,1197.42
80,2024,3731.49,918.07,815.51,32.43,10.67,963.5
80,2025,4467.37,449.89,373.24,6.16,25.89,477.33
81,2016,592.07,117.64,78.24,67.65,23.78,142.52
81,2017,590.96,59.87,51.77,31.42,32.17,101.78
81,2018,526.37,72.1,44.45,38.16,8.98,78.56
81,2019,587.17,129.56,90.61,13.33,7.23,179.28
81,2020,518.78,81.38,64.96,71.49,29.47,111.68
81,2021,650.87,162.63,115.15,8.4,38.89,182.16
81,2022,639.58,168.88,139.75,85.11,5.12,195.07
81,2023,512.32,139.29,97.33,44.31,12.07,153.7
81,2024,501.85,107.53,96.11,55.25,6.21,145.11
81,2025,591.54,152.4,123.76,45.57,42.69,169.08
82,2016,4003.29,892.17,668.16,74.27,25.89,933.53
82,2017,3959.01,580.17,398.66,23.39,7.67,606.09
82,2018,3870.39,957.9,634.32,63.45,21.9,964.95
82,2019,3414.63,891.93,591.98,65.86,35.12,908.38
82,2020,3127.35,500.55,382.92,77.87,7.46,520.55
82,2021,3461.93,740.11,657.24,84.04,11.31,782.63
82,2022,3998.37,782.97,581.24,8.38,8.52,794.96
82,2023,3527.75,963.23,836.83,48.93,41.08,1009.98
82,2024,3115.31,636.19,489.54,69.43,28.65,642.03
82,2025,3646.8,606.62,530.71,80.6,5.18,618.34
83,2016,756.32,132.39,100.65,20.77,31.07,145.82
83,2017,705.97,181.06,125.38,86.49,36.07,198.28
83,2018,699.16,192.56,137.0,83.8,16.53,221.19
83,2019,719.14,125.74,76.85,24.2,6.44,153.51
83,2020,860.48,241.79,156.25,37.31,25.21,286.11
83,2021,749.8,124.07,103.08,14.33,49.15,152.3
83,2022,904.35,127.55,77.93,41.82,43.51,137.76
83,2023,749.94,81.6,69.72,87.83,18.0,126.61
83,2024,702.85,177.99,146.6,7.14,38.41,211.74
83,2025,727.03,101.86,69.87,55.57,39.09,137.06
84,2016,2582.13,399.53,241.55,64.18,26.67,413.83
84,2017,2746.93,449.66,288.89,71.91,15.6,465.68
84,2018,2518.11,560.66,393.37,47.15,8.24,586.84
84,2019,3013.54,365.2,225.01,45.51,10.59,397.03
84,2020,2945.7,787.19,637.47,63.55,17.0,828.97
84,2021,3044.21,712.87,541.81,97.5,38.28,738.83
84,2022,2567.76,674.22,590.55,49.49,23.87,710.02
84,2023,3042.01,587.35,393.24,26.26,43.33,620.11
84,2024,3208.16,572.39,463.57,68.19,39.86,617.1
84,2025,2831.35,300.27,222.98,38.39,24.14,312.96
85,2016,3627.87,455.22,287.19,82.67,40.24,474.88
85,2017,3673.17,949.46,721.42,43.08,21.85,982.4
85,2018,3571.01,1052.66,752.8,37.37,41.07,1084.25
85,2019,3808.91,712.54,595.82,56.73,13.34,747.36
85,2020,3097.9,886.53,684.63,51.23,30.42,912.36
85,2021,3578.2,946.09,617.66,95.81,5.34,955.98
85,2022,3838.86,976.1,696.62,51.96,33.69,985.17
85,2023,3841.84,1065.93,928.4,65.43,2.01,1077.53
85,2024,3169.69,653.75,468.74,59.9,11.39,689.42
85,2025,3338.16,714.55,624.49,33.93,47.28,739.11
86,2016,3974.33,860.62,674.25,53.49,42.69,903.98
86,2017,3050.16,854.7,761.0,5.08,28.88,903.74
86,2018,3097.26,484.54,295.26,46.01,30.33,517.67
86,2019,3696.93,669.91,489.41,25.07,10.32,681.17
86,2020,3541.2,951.4,673.67,44.64,15.85,995.67
86,2021,3113.05,318.53,253.08,18.68,44.47,353.14
86,2022,3959.08,503.42,322.78,81.56,43.29,548.63
86,2023,3680.61,1052.88,828.59,48.17,22.36,1094.78
86,2024,3371.18,489.32,355.95,5.71,25.91,527.21
86,2025,3697.28,568.83,499.42,59.75,3.61,575.53
87,2016,4954.91,607.63,452.36,70.6,8.82,645.54
87,2017,5327.64,1580.89,1317.93,49.17,5.76,1625.94
87,2018,4130.49,803.34,660.75,96.24,5.75,836.86
87,2019,5079.58,825.43,508.33,37.64,39.37,851.53
87,2020,4697.84,910.66,746.87,45.0,48.11,951.58
87,2021,4398.99,470.98,412.98,76.2,36.89,501.35
87,2022,4094.34,796.89,518.56,9.9,49.54,838.29
87,2023,4847.16,762.76,476.54,53.03,42.87,780.26
87,2024,4189.46,654.37,561.03,6.35,7.35,667.23
87,2025,4803.63,625.56,459.16,81.74,14.54,662.09
88,2016,4267.37,876.85,534.81,98.49,48.43,908.65
88,2017,5127.22,1371.65,1132.75,44.23,20.39,1406.38
88,2018,4998.8,667.12,515.9,84.97,4.61,684.02
88,2019,5124.28,566.26,418.58,50.24,24.86,613.93
88,2020,5262.37,772.16,621.63,42.06,14.61,801.03
88,2021,4608.04,726.96,610.06,41.29,17.15,755.82
88,2022,5307.2,634.07,481.51,38.61,42.52,666.54
88,2023,4899.61,757.08,515.65,81.22,14.26,788.37
88,2024,4643.42,1091.47,734.06,68.83,38.98,1119.87
88,2025,4934.03,1473.51,1022.59,6.0,2.41,1481.57
89,2016,3594.57,434.16,318.58,25.84,15.6,447.85
89,2017,3508.7,415.39,366.19,67.38,42.1,463.16
89,2018,4221.63,1020.01,648.72,86.36,8.24,1054.55
89,2019,4525.44,964.89,858.9,90.12,35.39,981.29
89,2020,4023.06,1155.57,914.79,92.66,15.27,1179.78
89,2021,4529.5,1150.38,801.84,20.39,5.55,1190.35
89,2022,3925.4,653.7,404.0,95.78,14.7,678.53
89,2023,4051.79,1157.67,906.56,21.95,25.62,1169.14
89,2024,4373.21,628.33,498.27,91.7,36.34,637.98
89,2025,3565.82,764.04,515.86,47.36,45.03,775.74
90,2016,598.19,139.33,94.73,71.51,45.42,170.19
90,2017,534.69,153.98,115.05,46.43,42.51,194.12
90,2018,575.76,119.77,71.98,95.64,41.26,146.46
90,2019,542.58,155.73,110.21,69.77,21.23,189.18
90,2020,602.14,71.13,54.09,96.29,5.86,96.81
90,2021,572.89,131.51,85.87,8.74,20.44,145.11
90,2022,562.14,157.0,123.9,39.13,6.07,190.48
90,2023,568.14,72.72,47.84,73.38,30.46,99.74
90,2024,465.88,96.95,67.12,55.72,42.04,122.17
90,2025,607.77,65.28,40.27,79.84,4.06,75.6
91,2016,4964.49,1169.71,1008.61,19.15,29.81,1216.33
91,2017,4359.44,559.4,445.37,49.77,46.06,566.46
91,2018,5313.21,670.04,436.65,9.75,16.75,710.76
91,2019,4961.35,665.5,517.3,82.69,7.1,692.87
91,2020,5453.72,785.96,661.26,45.49,40.95,835.16
91,2021,5280.34,870.45,777.1,59.72,8.59,913.09
91,2022,5445.0,1376.74,1071.0,36.87,7.8,1388.1
91,2023,4902.45,1172.96,898.51,46.67,46.43,1179.79
91,2024,4450.0,1199.16,939.82,78.88,2.75,1226.07
91,2025,4315.61,586.42,367.53,66.92,44.57,610.15
92,2016,4872.81,688.2,545.02,54.69,21.78,735.41
92,2017,4764.83,512.33,335.06,52.49,47.61,545.55
92,2018,4991.87,846.47,509.04,27.39,7.64,875.33
92,2019,4085.37,704.24,583.35,56.27,12.53,743.9
92,2020,4829.21,749.91,493.53,80.68,34.89,798.5
92,2021,4585.18,620.21,496.81,9.1,32.95,638.04
92,2022,4532.74,756.33,636.49,77.05,4.08,794.65
92,2023,5179.64,700.17,585.1,51.08,7.57,745.45
92,2024,4911.14,1073.29,748.93,23.88,34.49,1092.95
92,2025,4987.11,824.0,518.64,75.09,43.75,845.9
